{"cameraMode":{"drawMode":0,"name":"Shaded","section":"Shading Mode"},"sceneLighting":false,"audioPlay":false,"sceneViewState":{"showFog":true,"showMaterialUpdate":false,"showSkybox":false,"showFlares":true,"showImageEffects":true,"showParticleSystems":true},"in2DMode":false,"pivot":{"x":-0.3819044828414917,"y":0.446885347366333,"z":0.0880538821220398},"rotation":{"x":0.16418054699897767,"y":-0.7895514369010925,"z":0.23983073234558106,"w":0.5405040383338928},"size":1.029378890991211,"orthographic":false}