{"cameraMode":{"drawMode":0,"name":"Shaded","section":"Shading Mode"},"sceneLighting":false,"audioPlay":false,"sceneViewState":{"showFog":true,"showMaterialUpdate":false,"showSkybox":false,"showFlares":true,"showImageEffects":true,"showParticleSystems":true},"in2DMode":false,"pivot":{"x":0.0,"y":0.859671413898468,"z":-2.9802322387695315e-8},"rotation":{"x":0.44597578048706057,"y":-0.5155225992202759,"z":0.3613860011100769,"w":0.6362014412879944},"size":1.0368366241455079,"orthographic":false}