{"cameraMode":{"drawMode":0,"name":"Shaded","section":"Shading Mode"},"sceneLighting":false,"audioPlay":false,"sceneViewState":{"showFog":true,"showMaterialUpdate":false,"showSkybox":false,"showFlares":true,"showImageEffects":true,"showParticleSystems":true},"in2DMode":false,"pivot":{"x":0.16796648502349854,"y":0.7783037424087524,"z":-0.3076479434967041},"rotation":{"x":0.09599640965461731,"y":-0.8702962398529053,"z":0.18768012523651124,"w":0.445146381855011},"size":1.2503564357757569,"orthographic":false}