{"cameraMode":{"drawMode":0,"name":"Shaded","section":"Shading Mode"},"sceneLighting":false,"audioPlay":false,"sceneViewState":{"showFog":true,"showMaterialUpdate":false,"showSkybox":false,"showFlares":true,"showImageEffects":true,"showParticleSystems":true},"in2DMode":false,"pivot":{"x":0.0,"y":0.6280350089073181,"z":0.027925223112106324},"rotation":{"x":0.0006752337794750929,"y":-0.9984230995178223,"z":0.05486670136451721,"w":0.012276661582291127},"size":0.8762876391410828,"orthographic":false}