{"cameraMode":{"drawMode":0,"name":"Shaded","section":"Shading Mode"},"sceneLighting":false,"audioPlay":false,"sceneViewState":{"showFog":true,"showMaterialUpdate":false,"showSkybox":false,"showFlares":true,"showImageEffects":true,"showParticleSystems":true},"in2DMode":false,"pivot":{"x":-0.4230000078678131,"y":0.3720000386238098,"z":-0.6629999876022339},"rotation":{"x":0.20563478767871858,"y":-0.560450553894043,"z":0.14609429240226746,"w":0.7888501882553101},"size":0.6242260336875916,"orthographic":false}