{"cameraMode":{"drawMode":0,"name":"Shaded","section":"Shading Mode"},"sceneLighting":false,"audioPlay":false,"sceneViewState":{"showFog":true,"showMaterialUpdate":false,"showSkybox":false,"showFlares":true,"showImageEffects":true,"showParticleSystems":true},"in2DMode":false,"pivot":{"x":1.7868568897247315,"y":-1.5241729021072388,"z":-1.5326042175292969},"rotation":{"x":0.17723891139030457,"y":-0.6651669144630432,"z":0.16701050102710725,"w":0.7058754563331604},"size":1.0923388004302979,"orthographic":false}