{"cameraMode":{"drawMode":0,"name":"Shaded","section":"Shading Mode"},"sceneLighting":false,"audioPlay":false,"sceneViewState":{"showFog":true,"showMaterialUpdate":false,"showSkybox":false,"showFlares":true,"showImageEffects":true,"showParticleSystems":true},"in2DMode":false,"pivot":{"x":-0.40366077423095705,"y":0.453769713640213,"z":0.49630510807037356},"rotation":{"x":0.07533355802297592,"y":-0.3885728418827057,"z":0.03189403563737869,"w":0.9177811741828919},"size":1.394329309463501,"orthographic":false}