{"cameraMode":{"drawMode":0,"name":"Shaded","section":"Shading Mode"},"sceneLighting":true,"audioPlay":false,"sceneViewState":{"showFog":true,"showMaterialUpdate":false,"showSkybox":true,"showFlares":true,"showImageEffects":true,"showParticleSystems":true},"in2DMode":false,"pivot":{"x":-0.36994171142578127,"y":1.5904955863952637,"z":3.718351364135742},"rotation":{"x":0.11426674574613571,"y":-0.8050747513771057,"z":0.16478899121284486,"w":0.5582548379898071},"size":16.23219871520996,"orthographic":false}