{"cameraMode":{"drawMode":0,"name":"Shaded","section":"Shading Mode"},"sceneLighting":false,"audioPlay":false,"sceneViewState":{"showFog":true,"showMaterialUpdate":false,"showSkybox":false,"showFlares":true,"showImageEffects":true,"showParticleSystems":true},"in2DMode":false,"pivot":{"x":-0.36199986934661868,"y":0.3540000021457672,"z":-0.17000001668930055},"rotation":{"x":-0.0900970920920372,"y":-0.863629162311554,"z":0.16654330492019654,"w":-0.4672362804412842},"size":0.5248859524726868,"orthographic":false}