{"cameraMode":{"drawMode":0,"name":"Shaded","section":"Shading Mode"},"sceneLighting":false,"audioPlay":false,"sceneViewState":{"showFog":true,"showMaterialUpdate":false,"showSkybox":false,"showFlares":true,"showImageEffects":true,"showParticleSystems":true},"in2DMode":false,"pivot":{"x":0.0,"y":0.6066802144050598,"z":2.9802322387695315e-8},"rotation":{"x":0.27928590774536135,"y":-0.6194601058959961,"z":0.2509455382823944,"w":0.6894182562828064},"size":2.5943291187286379,"orthographic":false}