{"cameraMode":{"drawMode":0,"name":"Shaded","section":"Shading Mode"},"sceneLighting":false,"audioPlay":false,"sceneViewState":{"showFog":true,"showMaterialUpdate":false,"showSkybox":false,"showFlares":true,"showImageEffects":true,"showParticleSystems":true},"in2DMode":false,"pivot":{"x":-1.3520002365112305,"y":0.5789999961853027,"z":0.0},"rotation":{"x":0.19014649093151093,"y":0.08263889700174332,"z":-0.016069941222667695,"w":0.9781463146209717},"size":0.8573110103607178,"orthographic":false}